student_id,student_name,age,major,city
1001,Ahmed Ali,21,Computer Science,Sanaa
1002,Sara Mohammed,22,Artificial Intelligence,Aden
1003,Omar Hassan,20,Information Systems,Taiz
1004,Laila Ahmed,19,Computer Science,Sanaa
1005,Mohammed Saleh,24,Data Science,Hodeidah
1006,Noura Ali,21,Software Engineering,Aden
1007,Khaled Hassan,150,Information Systems,Taiz
1008,Mona Saeed,,Artificial Intelligence,Sanaa
1009,Ali Ahmed,23,Computer Science, Aden
1010,Sara Mohammed,22,Artificial Intelligence,Aden
1010,Sara Mohammed,22,Artificial Intelligence,Aden
1011,Ahmed Omar,25,Data Science, sanaa
1012,Yasmin Ali,17,Software Engineering, SANAA
1013,Omar Saleh,15,Computer Science,Taiz
1014,Huda Mohammed,27,Information Systems, Aden
1015,,21,Artificial Intelligence,Sanaa